correccion_deseada,transcripcion_erronea
¿Cuándo se emite la próxima factura?,¿Cuándo se emite la próxima fatura?
Necesito soporte técnico urgente.,Necesito soporte ténico urgente.
Quiero contratar un plan adicional.,Quiero contratar un plan adisional.
¿Cuándo se emite la próxima factura?,¿Cuándo se emite la próxima fatura?
¿Qué podemos mejorar en nuestro servicio?,¿Qué podemos mejorar en nuestro servisio?
Quisiera un plan con más velocidad.,Quisiera un plan con más velosidad.
El internet se desconecta constantemente.,El internet se desconesta constantemente.
¿Puedo cambiar la fecha de pago?,¿Puedo cambiar la facha de pago?
¿Pueden ofrecerme una mejor oferta?,¿Pueden ofrecerme una mejor ofreta?
El router no funciona correctamente.,El ruto no funciona correctamente.
¿Cómo calificaría nuestro servicio?,¿Cómo calificaría nuestro servisio?
¿Pueden ofrecerme una mejor oferta?,¿Pueden ofrecerme una mejor ofreta?
Necesito un plan con más canales de TV.,Necesito un plan con más canales de tevé.
¿Puedo cambiar mi plan de internet?,¿Puedo cambiar mi plan de interne?
Estoy interesado en un plan de internet y TV.,Estoy interesado en un plan de internet y tevé.
Quisiera reducir el costo de mi plan actual.,Quisiera reducir el costo de mi plan actal.
El internet se desconecta constantemente.,El internet se desconesta constantemente.
¿Cómo calificaría nuestro servicio?,¿Cómo calificaría nuestro servisio?
¿Pueden ofrecerme una mejor oferta?,¿Pueden ofrecerme una mejor ofreta?
Quisiera reducir el costo de mi plan actual.,Quisiera reducir el costo de mi plan actal.
La razón social está incorrecta.,La razón sosial está incorrecta.
Estoy interesado en un plan de internet y TV.,Estoy interesado en un plan de internet y tevé.
¿Pueden ofrecerme una mejor oferta?,¿Pueden ofrecerme una mejor ofreta?
El router no funciona correctamente.,El ruto no funciona correctamente.
¿Cómo calificaría nuestro servicio?,¿Cómo calificaría nuestro servisio?
¿Pueden ofrecerme una mejor oferta?,¿Pueden ofrecerme una mejor ofreta?
¿Pueden ofrecerme una mejor oferta?,¿Pueden ofrecerme una mejor ofreta?
El router no funciona correctamente.,El ruto no funciona correctamente.
Quiero cambiar la razón social del contrato.,Quiero cambiar la razón sosial del contrato.
¿Puedo obtener un descuento en mi plan?,¿Puedo obtener un descueto en mi plan?
Necesito un comprobante de pago.,Necesito un compobante de pago.
La velocidad de conexión es muy baja.,La velosidad de conexión es muy baja.
El internet se desconecta constantemente.,El internet se desconesta constantemente.
¿Cómo calificaría nuestro servicio?,¿Cómo calificaría nuestro servisio?
Quiero contratar un plan adicional.,Quiero contratar un plan adisional.
¿Qué podemos mejorar en nuestro servicio?,¿Qué podemos mejorar en nuestro servisio?
Su opinión es muy importante para nosotros.,Su opinión es muy importante para nosostros.
Quisiera un plan con más velocidad.,Quisiera un plan con más velosidad.
Su opinión es muy importante para nosotros.,Su opinión es muy importante para nosostros.
Necesito un plan con más canales de TV.,Necesito un plan con más canales de tevé.
La razón social está incorrecta.,La razón sosial está incorrecta.
Quisiera reducir el costo de mi plan actual.,Quisiera reducir el costo de mi plan actal.
¿Puedo cambiar la fecha de pago?,¿Puedo cambiar la facha de pago?
¿Qué podemos mejorar en nuestro servicio?,¿Qué podemos mejorar en nuestro servisio?
Necesito soporte técnico urgente.,Necesito soporte ténico urgente.
Quiero cambiar la razón social del contrato.,Quiero cambiar la razón sosial del contrato.
¿Qué podemos mejorar en nuestro servicio?,¿Qué podemos mejorar en nuestro servisio?
La razón social está incorrecta.,La razón sosial está incorrecta.
¿Puedo cambiar mi plan de internet?,¿Puedo cambiar mi plan de interne?
El router no funciona correctamente.,El ruto no funciona correctamente.
Quiero cambiar la razón social del contrato.,Quiero cambiar la razón sosial del contrato.
¿Cómo calificaría nuestro servicio?,¿Cómo calificaría nuestro servisio?
Su opinión es muy importante para nosotros.,Su opinión es muy importante para nosostros.
Su opinión es muy importante para nosotros.,Su opinión es muy importante para nosostros.
¿Cómo calificaría nuestro servicio?,¿Cómo calificaría nuestro servisio?
¿Recomendaría nuestro servicio a otros?,¿Recomendaría nuestro servisio a otros?
El internet se desconecta constantemente.,El internet se desconesta constantemente.
Necesito un plan con más canales de TV.,Necesito un plan con más canales de tevé.
Quiero contratar un plan adicional.,Quiero contratar un plan adisional.
Necesito un plan con más canales de TV.,Necesito un plan con más canales de tevé.
Estoy interesado en un plan de internet y TV.,Estoy interesado en un plan de internet y tevé.
El router no funciona correctamente.,El ruto no funciona correctamente.
Necesito un plan con más canales de TV.,Necesito un plan con más canales de tevé.
Necesito un plan con más canales de TV.,Necesito un plan con más canales de tevé.
Quiero cambiar la razón social del contrato.,Quiero cambiar la razón sosial del contrato.
Necesito soporte técnico urgente.,Necesito soporte ténico urgente.
Quiero cambiar la razón social del contrato.,Quiero cambiar la razón sosial del contrato.
Quiero contratar un plan adicional.,Quiero contratar un plan adisional.
Necesito un comprobante de pago.,Necesito un compobante de pago.
La velocidad de conexión es muy baja.,La velosidad de conexión es muy baja.
¿Pueden ofrecerme una mejor oferta?,¿Pueden ofrecerme una mejor ofreta?
Quiero contratar un plan adicional.,Quiero contratar un plan adisional.
Quisiera un plan con más velocidad.,Quisiera un plan con más velosidad.
¿Cuáles son los planes disponibles?,¿Cuáles son los planes dispobibles?
¿Pueden ofrecerme una mejor oferta?,¿Pueden ofrecerme una mejor ofreta?
¿Recomendaría nuestro servicio a otros?,¿Recomendaría nuestro servisio a otros?
Quiero cambiar la razón social del contrato.,Quiero cambiar la razón sosial del contrato.
Necesito soporte técnico urgente.,Necesito soporte ténico urgente.
Estoy interesado en un plan de internet y TV.,Estoy interesado en un plan de internet y tevé.
Quisiera reducir el costo de mi plan actual.,Quisiera reducir el costo de mi plan actal.
Quisiera un plan con más velocidad.,Quisiera un plan con más velosidad.
¿Pueden ofrecerme una mejor oferta?,¿Pueden ofrecerme una mejor ofreta?
Quiero contratar un plan adicional.,Quiero contratar un plan adisional.
El router no funciona correctamente.,El ruto no funciona correctamente.
La razón social está incorrecta.,La razón sosial está incorrecta.
¿Qué podemos mejorar en nuestro servicio?,¿Qué podemos mejorar en nuestro servisio?
¿Puedo cambiar la fecha de pago?,¿Puedo cambiar la facha de pago?
¿Cuáles son los planes disponibles?,¿Cuáles son los planes dispobibles?
Quiero cambiar la razón social del contrato.,Quiero cambiar la razón sosial del contrato.
La señal de televisión se pixela.,La señal de televisión se picela.
Gracias por participar en nuestra encuesta.,Gracias por participar en nuestra encuenta.
¿Puedo cambiar mi plan de internet?,¿Puedo cambiar mi plan de interne?
¿Cuáles son los planes disponibles?,¿Cuáles son los planes dispobibles?
El router no funciona correctamente.,El ruto no funciona correctamente.
¿Puedo cambiar mi plan de internet?,¿Puedo cambiar mi plan de interne?
La velocidad de conexión es muy baja.,La velosidad de conexión es muy baja.
Gracias por participar en nuestra encuesta.,Gracias por participar en nuestra encuenta.
Quiero contratar un plan adicional.,Quiero contratar un plan adisional.
La velocidad de conexión es muy baja.,La velosidad de conexión es muy baja.
Necesito soporte técnico urgente.,Necesito soporte ténico urgente.
No reconozco este cargo en mi cuenta.,No reconozco este cargo en mi cuanta.
Quiero cambiar la razón social del contrato.,Quiero cambiar la razón sosial del contrato.
¿Cuáles son los planes disponibles?,¿Cuáles son los planes dispobibles?
La señal de televisión se pixela.,La señal de televisión se picela.
Quisiera un plan con más velocidad.,Quisiera un plan con más velosidad.
Necesito un plan con más canales de TV.,Necesito un plan con más canales de tevé.
Su opinión es muy importante para nosotros.,Su opinión es muy importante para nosostros.
Necesito un comprobante de pago.,Necesito un compobante de pago.
¿Cuándo se emite la próxima factura?,¿Cuándo se emite la próxima fatura?
Estoy interesado en un plan de internet y TV.,Estoy interesado en un plan de internet y tevé.
Gracias por participar en nuestra encuesta.,Gracias por participar en nuestra encuenta.
¿Puedo obtener un descuento en mi plan?,¿Puedo obtener un descueto en mi plan?
¿Cuándo se emite la próxima factura?,¿Cuándo se emite la próxima fatura?
No reconozco este cargo en mi cuenta.,No reconozco este cargo en mi cuanta.
¿Puedo cambiar la fecha de pago?,¿Puedo cambiar la facha de pago?
¿Cuáles son los planes disponibles?,¿Cuáles son los planes dispobibles?
¿Puedo cambiar la fecha de pago?,¿Puedo cambiar la facha de pago?
La velocidad de conexión es muy baja.,La velosidad de conexión es muy baja.
¿Cómo calificaría nuestro servicio?,¿Cómo calificaría nuestro servisio?
¿Cuáles son los planes disponibles?,¿Cuáles son los planes dispobibles?
Gracias por participar en nuestra encuesta.,Gracias por participar en nuestra encuenta.
Necesito un plan con más canales de TV.,Necesito un plan con más canales de tevé.
La razón social está incorrecta.,La razón sosial está incorrecta.
¿Cuándo se emite la próxima factura?,¿Cuándo se emite la próxima fatura?
No reconozco este cargo en mi cuenta.,No reconozco este cargo en mi cuanta.
Necesito un comprobante de pago.,Necesito un compobante de pago.
Necesito un plan con más canales de TV.,Necesito un plan con más canales de tevé.
El router no funciona correctamente.,El ruto no funciona correctamente.
¿Cuándo se emite la próxima factura?,¿Cuándo se emite la próxima fatura?
Quiero cambiar la razón social del contrato.,Quiero cambiar la razón sosial del contrato.
¿Cómo calificaría nuestro servicio?,¿Cómo calificaría nuestro servisio?
¿Puedo cambiar la fecha de pago?,¿Puedo cambiar la facha de pago?
Gracias por participar en nuestra encuesta.,Gracias por participar en nuestra encuenta.
Quiero cambiar la razón social del contrato.,Quiero cambiar la razón sosial del contrato.
¿Recomendaría nuestro servicio a otros?,¿Recomendaría nuestro servisio a otros?
¿Cómo calificaría nuestro servicio?,¿Cómo calificaría nuestro servisio?
¿Pueden ofrecerme una mejor oferta?,¿Pueden ofrecerme una mejor ofreta?
Su opinión es muy importante para nosotros.,Su opinión es muy importante para nosostros.
Estoy interesado en un plan de internet y TV.,Estoy interesado en un plan de internet y tevé.
Necesito soporte técnico urgente.,Necesito soporte ténico urgente.
¿Puedo cambiar mi plan de internet?,¿Puedo cambiar mi plan de interne?
Estoy interesado en un plan de internet y TV.,Estoy interesado en un plan de internet y tevé.
La señal de televisión se pixela.,La señal de televisión se picela.
Quiero cambiar la razón social del contrato.,Quiero cambiar la razón sosial del contrato.
¿Puedo cambiar mi plan de internet?,¿Puedo cambiar mi plan de interne?
¿Puedo cambiar la fecha de pago?,¿Puedo cambiar la facha de pago?
La razón social está incorrecta.,La razón sosial está incorrecta.
Gracias por participar en nuestra encuesta.,Gracias por participar en nuestra encuenta.
Quisiera reducir el costo de mi plan actual.,Quisiera reducir el costo de mi plan actal.
¿Puedo obtener un descuento en mi plan?,¿Puedo obtener un descueto en mi plan?
¿Cuáles son los planes disponibles?,¿Cuáles son los planes dispobibles?
La señal de televisión se pixela.,La señal de televisión se picela.
Necesito soporte técnico urgente.,Necesito soporte ténico urgente.
Quiero cambiar la razón social del contrato.,Quiero cambiar la razón sosial del contrato.
Necesito un comprobante de pago.,Necesito un compobante de pago.
¿Puedo obtener un descuento en mi plan?,¿Puedo obtener un descueto en mi plan?
Necesito soporte técnico urgente.,Necesito soporte ténico urgente.
¿Cómo calificaría nuestro servicio?,¿Cómo calificaría nuestro servisio?
¿Recomendaría nuestro servicio a otros?,¿Recomendaría nuestro servisio a otros?
¿Puedo cambiar mi plan de internet?,¿Puedo cambiar mi plan de interne?
El router no funciona correctamente.,El ruto no funciona correctamente.
¿Puedo cambiar la fecha de pago?,¿Puedo cambiar la facha de pago?
¿Puedo cambiar mi plan de internet?,¿Puedo cambiar mi plan de interne?
Necesito un plan con más canales de TV.,Necesito un plan con más canales de tevé.
Quisiera un plan con más velocidad.,Quisiera un plan con más velosidad.
Necesito un comprobante de pago.,Necesito un compobante de pago.
¿Cuáles son los planes disponibles?,¿Cuáles son los planes dispobibles?
Gracias por participar en nuestra encuesta.,Gracias por participar en nuestra encuenta.
Necesito un comprobante de pago.,Necesito un compobante de pago.
Necesito soporte técnico urgente.,Necesito soporte ténico urgente.
¿Recomendaría nuestro servicio a otros?,¿Recomendaría nuestro servisio a otros?
¿Puedo cambiar mi plan de internet?,¿Puedo cambiar mi plan de interne?
Estoy interesado en un plan de internet y TV.,Estoy interesado en un plan de internet y tevé.
Quiero cambiar la razón social del contrato.,Quiero cambiar la razón sosial del contrato.
Necesito un comprobante de pago.,Necesito un compobante de pago.
Su opinión es muy importante para nosotros.,Su opinión es muy importante para nosostros.
Estoy interesado en un plan de internet y TV.,Estoy interesado en un plan de internet y tevé.
Quisiera reducir el costo de mi plan actual.,Quisiera reducir el costo de mi plan actal.
¿Pueden ofrecerme una mejor oferta?,¿Pueden ofrecerme una mejor ofreta?
La razón social está incorrecta.,La razón sosial está incorrecta.
Necesito soporte técnico urgente.,Necesito soporte ténico urgente.
Quisiera un plan con más velocidad.,Quisiera un plan con más velosidad.
¿Qué podemos mejorar en nuestro servicio?,¿Qué podemos mejorar en nuestro servisio?
No reconozco este cargo en mi cuenta.,No reconozco este cargo en mi cuanta.
Quiero cambiar la razón social del contrato.,Quiero cambiar la razón sosial del contrato.
¿Qué podemos mejorar en nuestro servicio?,¿Qué podemos mejorar en nuestro servisio?
¿Pueden ofrecerme una mejor oferta?,¿Pueden ofrecerme una mejor ofreta?
Gracias por participar en nuestra encuesta.,Gracias por participar en nuestra encuenta.
Quiero cambiar la razón social del contrato.,Quiero cambiar la razón sosial del contrato.
El internet se desconecta constantemente.,El internet se desconesta constantemente.
¿Puedo cambiar la fecha de pago?,¿Puedo cambiar la facha de pago?
El internet se desconecta constantemente.,El internet se desconesta constantemente.
Necesito soporte técnico urgente.,Necesito soporte ténico urgente.
Quiero cambiar la razón social del contrato.,Quiero cambiar la razón sosial del contrato.
Necesito soporte técnico urgente.,Necesito soporte ténico urgente.
¿Cómo calificaría nuestro servicio?,¿Cómo calificaría nuestro servisio?
¿Cómo calificaría nuestro servicio?,¿Cómo calificaría nuestro servisio?
Estoy interesado en un plan de internet y TV.,Estoy interesado en un plan de internet y tevé.
¿Recomendaría nuestro servicio a otros?,¿Recomendaría nuestro servisio a otros?
Necesito un comprobante de pago.,Necesito un compobante de pago.
Quisiera un plan con más velocidad.,Quisiera un plan con más velosidad.
No reconozco este cargo en mi cuenta.,No reconozco este cargo en mi cuanta.
Quiero cambiar la razón social del contrato.,Quiero cambiar la razón sosial del contrato.
¿Cuáles son los planes disponibles?,¿Cuáles son los planes dispobibles?
Su opinión es muy importante para nosotros.,Su opinión es muy importante para nosostros.
¿Puedo cambiar mi plan de internet?,¿Puedo cambiar mi plan de interne?
¿Cuándo se emite la próxima factura?,¿Cuándo se emite la próxima fatura?
La velocidad de conexión es muy baja.,La velosidad de conexión es muy baja.
Necesito un plan con más canales de TV.,Necesito un plan con más canales de tevé.
Necesito un comprobante de pago.,Necesito un compobante de pago.
¿Cuáles son los planes disponibles?,¿Cuáles son los planes dispobibles?
La señal de televisión se pixela.,La señal de televisión se picela.
¿Cuáles son los planes disponibles?,¿Cuáles son los planes dispobibles?
La señal de televisión se pixela.,La señal de televisión se picela.
La señal de televisión se pixela.,La señal de televisión se picela.
Necesito un comprobante de pago.,Necesito un compobante de pago.
No reconozco este cargo en mi cuenta.,No reconozco este cargo en mi cuanta.
¿Qué podemos mejorar en nuestro servicio?,¿Qué podemos mejorar en nuestro servisio?
¿Cuáles son los planes disponibles?,¿Cuáles son los planes dispobibles?
Necesito soporte técnico urgente.,Necesito soporte ténico urgente.
¿Puedo obtener un descuento en mi plan?,¿Puedo obtener un descueto en mi plan?
Quisiera reducir el costo de mi plan actual.,Quisiera reducir el costo de mi plan actal.
El router no funciona correctamente.,El ruto no funciona correctamente.
La velocidad de conexión es muy baja.,La velosidad de conexión es muy baja.
¿Recomendaría nuestro servicio a otros?,¿Recomendaría nuestro servisio a otros?
La razón social está incorrecta.,La razón sosial está incorrecta.
¿Puedo cambiar mi plan de internet?,¿Puedo cambiar mi plan de interne?
Necesito un comprobante de pago.,Necesito un compobante de pago.
Necesito un plan con más canales de TV.,Necesito un plan con más canales de tevé.
¿Recomendaría nuestro servicio a otros?,¿Recomendaría nuestro servisio a otros?
¿Cuándo se emite la próxima factura?,¿Cuándo se emite la próxima fatura?
¿Recomendaría nuestro servicio a otros?,¿Recomendaría nuestro servisio a otros?
¿Cuáles son los planes disponibles?,¿Cuáles son los planes dispobibles?
¿Puedo cambiar la fecha de pago?,¿Puedo cambiar la facha de pago?
Quisiera reducir el costo de mi plan actual.,Quisiera reducir el costo de mi plan actal.
Quiero cambiar la razón social del contrato.,Quiero cambiar la razón sosial del contrato.
¿Puedo cambiar la fecha de pago?,¿Puedo cambiar la facha de pago?
¿Cuáles son los planes disponibles?,¿Cuáles son los planes dispobibles?
Su opinión es muy importante para nosotros.,Su opinión es muy importante para nosostros.
Quiero contratar un plan adicional.,Quiero contratar un plan adisional.
Quiero contratar un plan adicional.,Quiero contratar un plan adisional.
La señal de televisión se pixela.,La señal de televisión se picela.
¿Pueden ofrecerme una mejor oferta?,¿Pueden ofrecerme una mejor ofreta?
¿Recomendaría nuestro servicio a otros?,¿Recomendaría nuestro servisio a otros?
¿Cuáles son los planes disponibles?,¿Cuáles son los planes dispobibles?
No reconozco este cargo en mi cuenta.,No reconozco este cargo en mi cuanta.
El router no funciona correctamente.,El ruto no funciona correctamente.
Necesito soporte técnico urgente.,Necesito soporte ténico urgente.
¿Puedo cambiar mi plan de internet?,¿Puedo cambiar mi plan de interne?
¿Cuáles son los planes disponibles?,¿Cuáles son los planes dispobibles?
Quiero contratar un plan adicional.,Quiero contratar un plan adisional.
¿Puedo cambiar mi plan de internet?,¿Puedo cambiar mi plan de interne?
¿Qué podemos mejorar en nuestro servicio?,¿Qué podemos mejorar en nuestro servisio?
¿Cómo calificaría nuestro servicio?,¿Cómo calificaría nuestro servisio?
¿Puedo cambiar la fecha de pago?,¿Puedo cambiar la facha de pago?
¿Cómo calificaría nuestro servicio?,¿Cómo calificaría nuestro servisio?
Necesito un comprobante de pago.,Necesito un compobante de pago.
Quiero contratar un plan adicional.,Quiero contratar un plan adisional.
¿Puedo obtener un descuento en mi plan?,¿Puedo obtener un descueto en mi plan?
El router no funciona correctamente.,El ruto no funciona correctamente.
Estoy interesado en un plan de internet y TV.,Estoy interesado en un plan de internet y tevé.
El router no funciona correctamente.,El ruto no funciona correctamente.
¿Cuáles son los planes disponibles?,¿Cuáles son los planes dispobibles?
La razón social está incorrecta.,La razón sosial está incorrecta.
No reconozco este cargo en mi cuenta.,No reconozco este cargo en mi cuanta.
Necesito un comprobante de pago.,Necesito un compobante de pago.
La velocidad de conexión es muy baja.,La velosidad de conexión es muy baja.
Necesito un plan con más canales de TV.,Necesito un plan con más canales de tevé.
Gracias por participar en nuestra encuesta.,Gracias por participar en nuestra encuenta.
El router no funciona correctamente.,El ruto no funciona correctamente.
Quiero contratar un plan adicional.,Quiero contratar un plan adisional.
El router no funciona correctamente.,El ruto no funciona correctamente.
¿Cuáles son los planes disponibles?,¿Cuáles son los planes dispobibles?
Estoy interesado en un plan de internet y TV.,Estoy interesado en un plan de internet y tevé.
No reconozco este cargo en mi cuenta.,No reconozco este cargo en mi cuanta.
No reconozco este cargo en mi cuenta.,No reconozco este cargo en mi cuanta.
¿Puedo obtener un descuento en mi plan?,¿Puedo obtener un descueto en mi plan?
La razón social está incorrecta.,La razón sosial está incorrecta.
¿Puedo cambiar la fecha de pago?,¿Puedo cambiar la facha de pago?
Quiero cambiar la razón social del contrato.,Quiero cambiar la razón sosial del contrato.
¿Puedo cambiar mi plan de internet?,¿Puedo cambiar mi plan de interne?
¿Cuándo se emite la próxima factura?,¿Cuándo se emite la próxima fatura?
La razón social está incorrecta.,La razón sosial está incorrecta.
¿Pueden ofrecerme una mejor oferta?,¿Pueden ofrecerme una mejor ofreta?
Necesito un comprobante de pago.,Necesito un compobante de pago.
¿Qué podemos mejorar en nuestro servicio?,¿Qué podemos mejorar en nuestro servisio?
El router no funciona correctamente.,El ruto no funciona correctamente.
Quiero cambiar la razón social del contrato.,Quiero cambiar la razón sosial del contrato.
¿Puedo cambiar la fecha de pago?,¿Puedo cambiar la facha de pago?
¿Qué podemos mejorar en nuestro servicio?,¿Qué podemos mejorar en nuestro servisio?
Necesito un comprobante de pago.,Necesito un compobante de pago.
La señal de televisión se pixela.,La señal de televisión se picela.
¿Qué podemos mejorar en nuestro servicio?,¿Qué podemos mejorar en nuestro servisio?
La razón social está incorrecta.,La razón sosial está incorrecta.
La señal de televisión se pixela.,La señal de televisión se picela.
Quisiera reducir el costo de mi plan actual.,Quisiera reducir el costo de mi plan actal.
Quiero cambiar la razón social del contrato.,Quiero cambiar la razón sosial del contrato.
¿Recomendaría nuestro servicio a otros?,¿Recomendaría nuestro servisio a otros?
Quisiera reducir el costo de mi plan actual.,Quisiera reducir el costo de mi plan actal.
¿Puedo cambiar mi plan de internet?,¿Puedo cambiar mi plan de interne?
La señal de televisión se pixela.,La señal de televisión se picela.
Necesito un plan con más canales de TV.,Necesito un plan con más canales de tevé.
Estoy interesado en un plan de internet y TV.,Estoy interesado en un plan de internet y tevé.
¿Cuándo se emite la próxima factura?,¿Cuándo se emite la próxima fatura?
¿Puedo obtener un descuento en mi plan?,¿Puedo obtener un descueto en mi plan?
¿Puedo obtener un descuento en mi plan?,¿Puedo obtener un descueto en mi plan?
¿Qué podemos mejorar en nuestro servicio?,¿Qué podemos mejorar en nuestro servisio?
¿Qué podemos mejorar en nuestro servicio?,¿Qué podemos mejorar en nuestro servisio?
Quisiera reducir el costo de mi plan actual.,Quisiera reducir el costo de mi plan actal.
La razón social está incorrecta.,La razón sosial está incorrecta.
Quisiera un plan con más velocidad.,Quisiera un plan con más velosidad.
Su opinión es muy importante para nosotros.,Su opinión es muy importante para nosostros.
¿Puedo cambiar la fecha de pago?,¿Puedo cambiar la facha de pago?
Su opinión es muy importante para nosotros.,Su opinión es muy importante para nosostros.
Gracias por participar en nuestra encuesta.,Gracias por participar en nuestra encuenta.
Estoy interesado en un plan de internet y TV.,Estoy interesado en un plan de internet y tevé.
Necesito soporte técnico urgente.,Necesito soporte ténico urgente.
¿Cómo calificaría nuestro servicio?,¿Cómo calificaría nuestro servisio?
El internet se desconecta constantemente.,El internet se desconesta constantemente.
El internet se desconecta constantemente.,El internet se desconesta constantemente.
¿Pueden ofrecerme una mejor oferta?,¿Pueden ofrecerme una mejor ofreta?
¿Qué podemos mejorar en nuestro servicio?,¿Qué podemos mejorar en nuestro servisio?
Quisiera un plan con más velocidad.,Quisiera un plan con más velosidad.
La razón social está incorrecta.,La razón sosial está incorrecta.
El router no funciona correctamente.,El ruto no funciona correctamente.
Quiero cambiar la razón social del contrato.,Quiero cambiar la razón sosial del contrato.
Gracias por participar en nuestra encuesta.,Gracias por participar en nuestra encuenta.
Necesito soporte técnico urgente.,Necesito soporte ténico urgente.
¿Recomendaría nuestro servicio a otros?,¿Recomendaría nuestro servisio a otros?
Necesito soporte técnico urgente.,Necesito soporte ténico urgente.
¿Puedo cambiar mi plan de internet?,¿Puedo cambiar mi plan de interne?
Quisiera reducir el costo de mi plan actual.,Quisiera reducir el costo de mi plan actal.
El internet se desconecta constantemente.,El internet se desconesta constantemente.
Quisiera reducir el costo de mi plan actual.,Quisiera reducir el costo de mi plan actal.
¿Cuándo se emite la próxima factura?,¿Cuándo se emite la próxima fatura?
Estoy interesado en un plan de internet y TV.,Estoy interesado en un plan de internet y tevé.
Quiero cambiar la razón social del contrato.,Quiero cambiar la razón sosial del contrato.
¿Puedo cambiar mi plan de internet?,¿Puedo cambiar mi plan de interne?
Quiero cambiar la razón social del contrato.,Quiero cambiar la razón sosial del contrato.
¿Puedo obtener un descuento en mi plan?,¿Puedo obtener un descueto en mi plan?
No reconozco este cargo en mi cuenta.,No reconozco este cargo en mi cuanta.
La velocidad de conexión es muy baja.,La velosidad de conexión es muy baja.
¿Puedo obtener un descuento en mi plan?,¿Puedo obtener un descueto en mi plan?
El router no funciona correctamente.,El ruto no funciona correctamente.
¿Puedo cambiar mi plan de internet?,¿Puedo cambiar mi plan de interne?
La velocidad de conexión es muy baja.,La velosidad de conexión es muy baja.
Necesito soporte técnico urgente.,Necesito soporte ténico urgente.
¿Cuáles son los planes disponibles?,¿Cuáles son los planes dispobibles?
¿Recomendaría nuestro servicio a otros?,¿Recomendaría nuestro servisio a otros?
La razón social está incorrecta.,La razón sosial está incorrecta.
Quiero contratar un plan adicional.,Quiero contratar un plan adisional.
Quisiera reducir el costo de mi plan actual.,Quisiera reducir el costo de mi plan actal.
¿Qué podemos mejorar en nuestro servicio?,¿Qué podemos mejorar en nuestro servisio?
Quiero contratar un plan adicional.,Quiero contratar un plan adisional.
Quisiera un plan con más velocidad.,Quisiera un plan con más velosidad.
¿Cuándo se emite la próxima factura?,¿Cuándo se emite la próxima fatura?
¿Cuándo se emite la próxima factura?,¿Cuándo se emite la próxima fatura?
El internet se desconecta constantemente.,El internet se desconesta constantemente.
¿Puedo cambiar mi plan de internet?,¿Puedo cambiar mi plan de interne?
La velocidad de conexión es muy baja.,La velosidad de conexión es muy baja.
Quiero contratar un plan adicional.,Quiero contratar un plan adisional.
La señal de televisión se pixela.,La señal de televisión se picela.
Estoy interesado en un plan de internet y TV.,Estoy interesado en un plan de internet y tevé.
¿Recomendaría nuestro servicio a otros?,¿Recomendaría nuestro servisio a otros?
¿Cuándo se emite la próxima factura?,¿Cuándo se emite la próxima fatura?
Necesito soporte técnico urgente.,Necesito soporte ténico urgente.
La velocidad de conexión es muy baja.,La velosidad de conexión es muy baja.
Quisiera reducir el costo de mi plan actual.,Quisiera reducir el costo de mi plan actal.
Estoy interesado en un plan de internet y TV.,Estoy interesado en un plan de internet y tevé.
Necesito soporte técnico urgente.,Necesito soporte ténico urgente.
¿Puedo obtener un descuento en mi plan?,¿Puedo obtener un descueto en mi plan?
Estoy interesado en un plan de internet y TV.,Estoy interesado en un plan de internet y tevé.
La velocidad de conexión es muy baja.,La velosidad de conexión es muy baja.
¿Puedo cambiar mi plan de internet?,¿Puedo cambiar mi plan de interne?
Quisiera un plan con más velocidad.,Quisiera un plan con más velosidad.
No reconozco este cargo en mi cuenta.,No reconozco este cargo en mi cuanta.
El internet se desconecta constantemente.,El internet se desconesta constantemente.
Su opinión es muy importante para nosotros.,Su opinión es muy importante para nosostros.
Estoy interesado en un plan de internet y TV.,Estoy interesado en un plan de internet y tevé.
La señal de televisión se pixela.,La señal de televisión se picela.
¿Cómo calificaría nuestro servicio?,¿Cómo calificaría nuestro servisio?
Necesito un comprobante de pago.,Necesito un compobante de pago.
¿Pueden ofrecerme una mejor oferta?,¿Pueden ofrecerme una mejor ofreta?
La señal de televisión se pixela.,La señal de televisión se picela.
¿Recomendaría nuestro servicio a otros?,¿Recomendaría nuestro servisio a otros?
¿Qué podemos mejorar en nuestro servicio?,¿Qué podemos mejorar en nuestro servisio?
Quisiera un plan con más velocidad.,Quisiera un plan con más velosidad.
¿Puedo obtener un descuento en mi plan?,¿Puedo obtener un descueto en mi plan?
Gracias por participar en nuestra encuesta.,Gracias por participar en nuestra encuenta.
Quisiera reducir el costo de mi plan actual.,Quisiera reducir el costo de mi plan actal.
¿Cuándo se emite la próxima factura?,¿Cuándo se emite la próxima fatura?
Gracias por participar en nuestra encuesta.,Gracias por participar en nuestra encuenta.
La señal de televisión se pixela.,La señal de televisión se picela.
Quisiera un plan con más velocidad.,Quisiera un plan con más velosidad.
Quisiera un plan con más velocidad.,Quisiera un plan con más velosidad.
¿Puedo cambiar la fecha de pago?,¿Puedo cambiar la facha de pago?
Necesito soporte técnico urgente.,Necesito soporte ténico urgente.
¿Puedo cambiar la fecha de pago?,¿Puedo cambiar la facha de pago?
No reconozco este cargo en mi cuenta.,No reconozco este cargo en mi cuanta.
¿Puedo cambiar mi plan de internet?,¿Puedo cambiar mi plan de interne?
¿Qué podemos mejorar en nuestro servicio?,¿Qué podemos mejorar en nuestro servisio?
Quiero contratar un plan adicional.,Quiero contratar un plan adisional.
Su opinión es muy importante para nosotros.,Su opinión es muy importante para nosostros.
Quiero cambiar la razón social del contrato.,Quiero cambiar la razón sosial del contrato.
¿Puedo cambiar mi plan de internet?,¿Puedo cambiar mi plan de interne?
¿Cuáles son los planes disponibles?,¿Cuáles son los planes dispobibles?
Quisiera reducir el costo de mi plan actual.,Quisiera reducir el costo de mi plan actal.
Necesito soporte técnico urgente.,Necesito soporte ténico urgente.
La señal de televisión se pixela.,La señal de televisión se picela.
¿Cuándo se emite la próxima factura?,¿Cuándo se emite la próxima fatura?
El router no funciona correctamente.,El ruto no funciona correctamente.
¿Qué podemos mejorar en nuestro servicio?,¿Qué podemos mejorar en nuestro servisio?
Necesito soporte técnico urgente.,Necesito soporte ténico urgente.
La velocidad de conexión es muy baja.,La velosidad de conexión es muy baja.
¿Recomendaría nuestro servicio a otros?,¿Recomendaría nuestro servisio a otros?
Necesito un plan con más canales de TV.,Necesito un plan con más canales de tevé.
La señal de televisión se pixela.,La señal de televisión se picela.
Quiero contratar un plan adicional.,Quiero contratar un plan adisional.
Necesito un comprobante de pago.,Necesito un compobante de pago.
¿Puedo cambiar la fecha de pago?,¿Puedo cambiar la facha de pago?
¿Puedo obtener un descuento en mi plan?,¿Puedo obtener un descueto en mi plan?
El internet se desconecta constantemente.,El internet se desconesta constantemente.
¿Puedo cambiar mi plan de internet?,¿Puedo cambiar mi plan de interne?
Necesito un plan con más canales de TV.,Necesito un plan con más canales de tevé.
¿Qué podemos mejorar en nuestro servicio?,¿Qué podemos mejorar en nuestro servisio?
¿Pueden ofrecerme una mejor oferta?,¿Pueden ofrecerme una mejor ofreta?
¿Puedo cambiar la fecha de pago?,¿Puedo cambiar la facha de pago?
¿Recomendaría nuestro servicio a otros?,¿Recomendaría nuestro servisio a otros?
¿Cuándo se emite la próxima factura?,¿Cuándo se emite la próxima fatura?
Estoy interesado en un plan de internet y TV.,Estoy interesado en un plan de internet y tevé.
Necesito un plan con más canales de TV.,Necesito un plan con más canales de tevé.
¿Cómo calificaría nuestro servicio?,¿Cómo calificaría nuestro servisio?
Quiero cambiar la razón social del contrato.,Quiero cambiar la razón sosial del contrato.
¿Cuándo se emite la próxima factura?,¿Cuándo se emite la próxima fatura?
Necesito soporte técnico urgente.,Necesito soporte ténico urgente.
¿Qué podemos mejorar en nuestro servicio?,¿Qué podemos mejorar en nuestro servisio?
Quiero cambiar la razón social del contrato.,Quiero cambiar la razón sosial del contrato.
No reconozco este cargo en mi cuenta.,No reconozco este cargo en mi cuanta.
¿Puedo cambiar mi plan de internet?,¿Puedo cambiar mi plan de interne?
Gracias por participar en nuestra encuesta.,Gracias por participar en nuestra encuenta.
No reconozco este cargo en mi cuenta.,No reconozco este cargo en mi cuanta.
El internet se desconecta constantemente.,El internet se desconesta constantemente.
Quiero contratar un plan adicional.,Quiero contratar un plan adisional.
Gracias por participar en nuestra encuesta.,Gracias por participar en nuestra encuenta.
Su opinión es muy importante para nosotros.,Su opinión es muy importante para nosostros.
La razón social está incorrecta.,La razón sosial está incorrecta.
¿Qué podemos mejorar en nuestro servicio?,¿Qué podemos mejorar en nuestro servisio?
¿Puedo cambiar la fecha de pago?,¿Puedo cambiar la facha de pago?
El internet se desconecta constantemente.,El internet se desconesta constantemente.
No reconozco este cargo en mi cuenta.,No reconozco este cargo en mi cuanta.
Necesito un comprobante de pago.,Necesito un compobante de pago.
¿Puedo obtener un descuento en mi plan?,¿Puedo obtener un descueto en mi plan?
¿Recomendaría nuestro servicio a otros?,¿Recomendaría nuestro servisio a otros?
El router no funciona correctamente.,El ruto no funciona correctamente.
Gracias por participar en nuestra encuesta.,Gracias por participar en nuestra encuenta.
¿Puedo obtener un descuento en mi plan?,¿Puedo obtener un descueto en mi plan?
Estoy interesado en un plan de internet y TV.,Estoy interesado en un plan de internet y tevé.
¿Puedo cambiar la fecha de pago?,¿Puedo cambiar la facha de pago?
¿Pueden ofrecerme una mejor oferta?,¿Pueden ofrecerme una mejor ofreta?
Quiero cambiar la razón social del contrato.,Quiero cambiar la razón sosial del contrato.
Necesito un comprobante de pago.,Necesito un compobante de pago.
El router no funciona correctamente.,El ruto no funciona correctamente.
Estoy interesado en un plan de internet y TV.,Estoy interesado en un plan de internet y tevé.
Necesito un plan con más canales de TV.,Necesito un plan con más canales de tevé.
¿Pueden ofrecerme una mejor oferta?,¿Pueden ofrecerme una mejor ofreta?
La velocidad de conexión es muy baja.,La velosidad de conexión es muy baja.
¿Pueden ofrecerme una mejor oferta?,¿Pueden ofrecerme una mejor ofreta?
¿Cuándo se emite la próxima factura?,¿Cuándo se emite la próxima fatura?
¿Pueden ofrecerme una mejor oferta?,¿Pueden ofrecerme una mejor ofreta?
Quiero contratar un plan adicional.,Quiero contratar un plan adisional.
La razón social está incorrecta.,La razón sosial está incorrecta.
El router no funciona correctamente.,El ruto no funciona correctamente.
Quiero contratar un plan adicional.,Quiero contratar un plan adisional.
Necesito un comprobante de pago.,Necesito un compobante de pago.
¿Puedo cambiar la fecha de pago?,¿Puedo cambiar la facha de pago?
¿Pueden ofrecerme una mejor oferta?,¿Pueden ofrecerme una mejor ofreta?
Necesito un plan con más canales de TV.,Necesito un plan con más canales de tevé.
Su opinión es muy importante para nosotros.,Su opinión es muy importante para nosostros.
No reconozco este cargo en mi cuenta.,No reconozco este cargo en mi cuanta.
¿Cómo calificaría nuestro servicio?,¿Cómo calificaría nuestro servisio?
Quisiera reducir el costo de mi plan actual.,Quisiera reducir el costo de mi plan actal.
Quiero cambiar la razón social del contrato.,Quiero cambiar la razón sosial del contrato.
¿Cómo calificaría nuestro servicio?,¿Cómo calificaría nuestro servisio?
Necesito un comprobante de pago.,Necesito un compobante de pago.
Quisiera reducir el costo de mi plan actual.,Quisiera reducir el costo de mi plan actal.
Gracias por participar en nuestra encuesta.,Gracias por participar en nuestra encuenta.
El internet se desconecta constantemente.,El internet se desconesta constantemente.
Quisiera un plan con más velocidad.,Quisiera un plan con más velosidad.
La señal de televisión se pixela.,La señal de televisión se picela.
Quisiera reducir el costo de mi plan actual.,Quisiera reducir el costo de mi plan actal.
Estoy interesado en un plan de internet y TV.,Estoy interesado en un plan de internet y tevé.
¿Puedo cambiar mi plan de internet?,¿Puedo cambiar mi plan de interne?
¿Puedo obtener un descuento en mi plan?,¿Puedo obtener un descueto en mi plan?
No reconozco este cargo en mi cuenta.,No reconozco este cargo en mi cuanta.
La razón social está incorrecta.,La razón sosial está incorrecta.
Quisiera reducir el costo de mi plan actual.,Quisiera reducir el costo de mi plan actal.
Gracias por participar en nuestra encuesta.,Gracias por participar en nuestra encuenta.
Gracias por participar en nuestra encuesta.,Gracias por participar en nuestra encuenta.
El router no funciona correctamente.,El ruto no funciona correctamente.
Necesito un comprobante de pago.,Necesito un compobante de pago.
Quisiera un plan con más velocidad.,Quisiera un plan con más velosidad.
No reconozco este cargo en mi cuenta.,No reconozco este cargo en mi cuanta.
¿Puedo cambiar la fecha de pago?,¿Puedo cambiar la facha de pago?
¿Puedo obtener un descuento en mi plan?,¿Puedo obtener un descueto en mi plan?
¿Cuándo se emite la próxima factura?,¿Cuándo se emite la próxima fatura?
¿Cómo calificaría nuestro servicio?,¿Cómo calificaría nuestro servisio?
Quisiera un plan con más velocidad.,Quisiera un plan con más velosidad.
La velocidad de conexión es muy baja.,La velosidad de conexión es muy baja.
La señal de televisión se pixela.,La señal de televisión se picela.
Quisiera reducir el costo de mi plan actual.,Quisiera reducir el costo de mi plan actal.
Necesito soporte técnico urgente.,Necesito soporte ténico urgente.
¿Recomendaría nuestro servicio a otros?,¿Recomendaría nuestro servisio a otros?
¿Cuáles son los planes disponibles?,¿Cuáles son los planes dispobibles?
¿Cuáles son los planes disponibles?,¿Cuáles son los planes dispobibles?
Gracias por participar en nuestra encuesta.,Gracias por participar en nuestra encuenta.
No reconozco este cargo en mi cuenta.,No reconozco este cargo en mi cuanta.
Su opinión es muy importante para nosotros.,Su opinión es muy importante para nosostros.
Gracias por participar en nuestra encuesta.,Gracias por participar en nuestra encuenta.
La razón social está incorrecta.,La razón sosial está incorrecta.
¿Qué podemos mejorar en nuestro servicio?,¿Qué podemos mejorar en nuestro servisio?
Necesito un comprobante de pago.,Necesito un compobante de pago.
Su opinión es muy importante para nosotros.,Su opinión es muy importante para nosostros.
Su opinión es muy importante para nosotros.,Su opinión es muy importante para nosostros.
¿Pueden ofrecerme una mejor oferta?,¿Pueden ofrecerme una mejor ofreta?
¿Recomendaría nuestro servicio a otros?,¿Recomendaría nuestro servisio a otros?
¿Cuáles son los planes disponibles?,¿Cuáles son los planes dispobibles?
Quisiera reducir el costo de mi plan actual.,Quisiera reducir el costo de mi plan actal.
Necesito soporte técnico urgente.,Necesito soporte ténico urgente.
Quisiera un plan con más velocidad.,Quisiera un plan con más velosidad.
Necesito un plan con más canales de TV.,Necesito un plan con más canales de tevé.
Quiero cambiar la razón social del contrato.,Quiero cambiar la razón sosial del contrato.
¿Puedo cambiar la fecha de pago?,¿Puedo cambiar la facha de pago?
¿Qué podemos mejorar en nuestro servicio?,¿Qué podemos mejorar en nuestro servisio?
¿Cuándo se emite la próxima factura?,¿Cuándo se emite la próxima fatura?
La razón social está incorrecta.,La razón sosial está incorrecta.
La velocidad de conexión es muy baja.,La velosidad de conexión es muy baja.
Su opinión es muy importante para nosotros.,Su opinión es muy importante para nosostros.
Gracias por participar en nuestra encuesta.,Gracias por participar en nuestra encuenta.
¿Recomendaría nuestro servicio a otros?,¿Recomendaría nuestro servisio a otros?
Quiero contratar un plan adicional.,Quiero contratar un plan adisional.
Quiero cambiar la razón social del contrato.,Quiero cambiar la razón sosial del contrato.
Necesito un comprobante de pago.,Necesito un compobante de pago.
La razón social está incorrecta.,La razón sosial está incorrecta.
Gracias por participar en nuestra encuesta.,Gracias por participar en nuestra encuenta.
¿Cómo calificaría nuestro servicio?,¿Cómo calificaría nuestro servisio?
El internet se desconecta constantemente.,El internet se desconesta constantemente.
¿Puedo cambiar mi plan de internet?,¿Puedo cambiar mi plan de interne?
Necesito un plan con más canales de TV.,Necesito un plan con más canales de tevé.
Necesito soporte técnico urgente.,Necesito soporte ténico urgente.
La razón social está incorrecta.,La razón sosial está incorrecta.
Quiero cambiar la razón social del contrato.,Quiero cambiar la razón sosial del contrato.
No reconozco este cargo en mi cuenta.,No reconozco este cargo en mi cuanta.
No reconozco este cargo en mi cuenta.,No reconozco este cargo en mi cuanta.
La razón social está incorrecta.,La razón sosial está incorrecta.
¿Puedo cambiar mi plan de internet?,¿Puedo cambiar mi plan de interne?
¿Puedo cambiar mi plan de internet?,¿Puedo cambiar mi plan de interne?
Gracias por participar en nuestra encuesta.,Gracias por participar en nuestra encuenta.
La señal de televisión se pixela.,La señal de televisión se picela.
Quisiera reducir el costo de mi plan actual.,Quisiera reducir el costo de mi plan actal.
No reconozco este cargo en mi cuenta.,No reconozco este cargo en mi cuanta.
Necesito un plan con más canales de TV.,Necesito un plan con más canales de tevé.
La señal de televisión se pixela.,La señal de televisión se picela.
Necesito un comprobante de pago.,Necesito un compobante de pago.
La señal de televisión se pixela.,La señal de televisión se picela.
Quisiera un plan con más velocidad.,Quisiera un plan con más velosidad.
¿Puedo cambiar la fecha de pago?,¿Puedo cambiar la facha de pago?
¿Puedo obtener un descuento en mi plan?,¿Puedo obtener un descueto en mi plan?
Necesito un plan con más canales de TV.,Necesito un plan con más canales de tevé.
Gracias por participar en nuestra encuesta.,Gracias por participar en nuestra encuenta.
¿Cómo calificaría nuestro servicio?,¿Cómo calificaría nuestro servisio?
¿Cuáles son los planes disponibles?,¿Cuáles son los planes dispobibles?
Gracias por participar en nuestra encuesta.,Gracias por participar en nuestra encuenta.
¿Pueden ofrecerme una mejor oferta?,¿Pueden ofrecerme una mejor ofreta?
El internet se desconecta constantemente.,El internet se desconesta constantemente.
El internet se desconecta constantemente.,El internet se desconesta constantemente.
El router no funciona correctamente.,El ruto no funciona correctamente.
La razón social está incorrecta.,La razón sosial está incorrecta.
Su opinión es muy importante para nosotros.,Su opinión es muy importante para nosostros.
Gracias por participar en nuestra encuesta.,Gracias por participar en nuestra encuenta.
Quisiera reducir el costo de mi plan actual.,Quisiera reducir el costo de mi plan actal.
Necesito soporte técnico urgente.,Necesito soporte ténico urgente.
La razón social está incorrecta.,La razón sosial está incorrecta.
No reconozco este cargo en mi cuenta.,No reconozco este cargo en mi cuanta.
Quiero cambiar la razón social del contrato.,Quiero cambiar la razón sosial del contrato.
El internet se desconecta constantemente.,El internet se desconesta constantemente.
Quiero contratar un plan adicional.,Quiero contratar un plan adisional.
La velocidad de conexión es muy baja.,La velosidad de conexión es muy baja.
El router no funciona correctamente.,El ruto no funciona correctamente.
Quisiera reducir el costo de mi plan actual.,Quisiera reducir el costo de mi plan actal.
Necesito soporte técnico urgente.,Necesito soporte ténico urgente.
¿Cuándo se emite la próxima factura?,¿Cuándo se emite la próxima fatura?
¿Puedo cambiar la fecha de pago?,¿Puedo cambiar la facha de pago?
¿Puedo cambiar la fecha de pago?,¿Puedo cambiar la facha de pago?
Quiero contratar un plan adicional.,Quiero contratar un plan adisional.
No reconozco este cargo en mi cuenta.,No reconozco este cargo en mi cuanta.
¿Cuándo se emite la próxima factura?,¿Cuándo se emite la próxima fatura?
¿Recomendaría nuestro servicio a otros?,¿Recomendaría nuestro servisio a otros?
No reconozco este cargo en mi cuenta.,No reconozco este cargo en mi cuanta.
La señal de televisión se pixela.,La señal de televisión se picela.
Quisiera reducir el costo de mi plan actual.,Quisiera reducir el costo de mi plan actal.
¿Cuándo se emite la próxima factura?,¿Cuándo se emite la próxima fatura?
Necesito un comprobante de pago.,Necesito un compobante de pago.
Su opinión es muy importante para nosotros.,Su opinión es muy importante para nosostros.
Su opinión es muy importante para nosotros.,Su opinión es muy importante para nosostros.
Estoy interesado en un plan de internet y TV.,Estoy interesado en un plan de internet y tevé.
Su opinión es muy importante para nosotros.,Su opinión es muy importante para nosostros.
La señal de televisión se pixela.,La señal de televisión se picela.
El internet se desconecta constantemente.,El internet se desconesta constantemente.
Quisiera un plan con más velocidad.,Quisiera un plan con más velosidad.
Quisiera un plan con más velocidad.,Quisiera un plan con más velosidad.
¿Puedo obtener un descuento en mi plan?,¿Puedo obtener un descueto en mi plan?
Quisiera un plan con más velocidad.,Quisiera un plan con más velosidad.
¿Cuáles son los planes disponibles?,¿Cuáles son los planes dispobibles?
¿Puedo cambiar la fecha de pago?,¿Puedo cambiar la facha de pago?
La velocidad de conexión es muy baja.,La velosidad de conexión es muy baja.
El router no funciona correctamente.,El ruto no funciona correctamente.
La razón social está incorrecta.,La razón sosial está incorrecta.
Quisiera un plan con más velocidad.,Quisiera un plan con más velosidad.
La señal de televisión se pixela.,La señal de televisión se picela.
Gracias por participar en nuestra encuesta.,Gracias por participar en nuestra encuenta.
¿Cómo calificaría nuestro servicio?,¿Cómo calificaría nuestro servisio?
Estoy interesado en un plan de internet y TV.,Estoy interesado en un plan de internet y tevé.
Quisiera reducir el costo de mi plan actual.,Quisiera reducir el costo de mi plan actal.
Necesito un comprobante de pago.,Necesito un compobante de pago.
El internet se desconecta constantemente.,El internet se desconesta constantemente.
Necesito un comprobante de pago.,Necesito un compobante de pago.
El internet se desconecta constantemente.,El internet se desconesta constantemente.
No reconozco este cargo en mi cuenta.,No reconozco este cargo en mi cuanta.
¿Puedo obtener un descuento en mi plan?,¿Puedo obtener un descueto en mi plan?
La señal de televisión se pixela.,La señal de televisión se picela.
¿Cuándo se emite la próxima factura?,¿Cuándo se emite la próxima fatura?
¿Qué podemos mejorar en nuestro servicio?,¿Qué podemos mejorar en nuestro servisio?
¿Puedo cambiar mi plan de internet?,¿Puedo cambiar mi plan de interne?
El internet se desconecta constantemente.,El internet se desconesta constantemente.
Quiero cambiar la razón social del contrato.,Quiero cambiar la razón sosial del contrato.
¿Cuándo se emite la próxima factura?,¿Cuándo se emite la próxima fatura?
El internet se desconecta constantemente.,El internet se desconesta constantemente.
Quiero contratar un plan adicional.,Quiero contratar un plan adisional.
Necesito un plan con más canales de TV.,Necesito un plan con más canales de tevé.
¿Pueden ofrecerme una mejor oferta?,¿Pueden ofrecerme una mejor ofreta?
¿Qué podemos mejorar en nuestro servicio?,¿Qué podemos mejorar en nuestro servisio?
El internet se desconecta constantemente.,El internet se desconesta constantemente.
El internet se desconecta constantemente.,El internet se desconesta constantemente.
¿Pueden ofrecerme una mejor oferta?,¿Pueden ofrecerme una mejor ofreta?
¿Cuándo se emite la próxima factura?,¿Cuándo se emite la próxima fatura?
¿Cuáles son los planes disponibles?,¿Cuáles son los planes dispobibles?
Necesito un comprobante de pago.,Necesito un compobante de pago.
¿Puedo cambiar la fecha de pago?,¿Puedo cambiar la facha de pago?
Necesito un plan con más canales de TV.,Necesito un plan con más canales de tevé.
Quisiera reducir el costo de mi plan actual.,Quisiera reducir el costo de mi plan actal.
La velocidad de conexión es muy baja.,La velosidad de conexión es muy baja.
Quiero contratar un plan adicional.,Quiero contratar un plan adisional.
¿Puedo cambiar la fecha de pago?,¿Puedo cambiar la facha de pago?
El internet se desconecta constantemente.,El internet se desconesta constantemente.
Su opinión es muy importante para nosotros.,Su opinión es muy importante para nosostros.
La velocidad de conexión es muy baja.,La velosidad de conexión es muy baja.
¿Recomendaría nuestro servicio a otros?,¿Recomendaría nuestro servisio a otros?
La razón social está incorrecta.,La razón sosial está incorrecta.
Su opinión es muy importante para nosotros.,Su opinión es muy importante para nosostros.
¿Cómo calificaría nuestro servicio?,¿Cómo calificaría nuestro servisio?
El router no funciona correctamente.,El ruto no funciona correctamente.
¿Cómo calificaría nuestro servicio?,¿Cómo calificaría nuestro servisio?
Quisiera un plan con más velocidad.,Quisiera un plan con más velosidad.
Necesito un plan con más canales de TV.,Necesito un plan con más canales de tevé.
¿Recomendaría nuestro servicio a otros?,¿Recomendaría nuestro servisio a otros?
Quisiera reducir el costo de mi plan actual.,Quisiera reducir el costo de mi plan actal.
El router no funciona correctamente.,El ruto no funciona correctamente.
¿Puedo obtener un descuento en mi plan?,¿Puedo obtener un descueto en mi plan?
¿Pueden ofrecerme una mejor oferta?,¿Pueden ofrecerme una mejor ofreta?
¿Recomendaría nuestro servicio a otros?,¿Recomendaría nuestro servisio a otros?
¿Recomendaría nuestro servicio a otros?,¿Recomendaría nuestro servisio a otros?
Quiero contratar un plan adicional.,Quiero contratar un plan adisional.
¿Puedo cambiar mi plan de internet?,¿Puedo cambiar mi plan de interne?
Necesito soporte técnico urgente.,Necesito soporte ténico urgente.
Gracias por participar en nuestra encuesta.,Gracias por participar en nuestra encuenta.
¿Pueden ofrecerme una mejor oferta?,¿Pueden ofrecerme una mejor ofreta?
La señal de televisión se pixela.,La señal de televisión se picela.
¿Puedo cambiar la fecha de pago?,¿Puedo cambiar la facha de pago?
¿Puedo obtener un descuento en mi plan?,¿Puedo obtener un descueto en mi plan?
Gracias por participar en nuestra encuesta.,Gracias por participar en nuestra encuenta.
¿Cómo calificaría nuestro servicio?,¿Cómo calificaría nuestro servisio?
Quisiera un plan con más velocidad.,Quisiera un plan con más velosidad.
No reconozco este cargo en mi cuenta.,No reconozco este cargo en mi cuanta.
La razón social está incorrecta.,La razón sosial está incorrecta.
Quisiera reducir el costo de mi plan actual.,Quisiera reducir el costo de mi plan actal.
Quisiera un plan con más velocidad.,Quisiera un plan con más velosidad.
No reconozco este cargo en mi cuenta.,No reconozco este cargo en mi cuanta.
¿Pueden ofrecerme una mejor oferta?,¿Pueden ofrecerme una mejor ofreta?
¿Cuáles son los planes disponibles?,¿Cuáles son los planes dispobibles?
Estoy interesado en un plan de internet y TV.,Estoy interesado en un plan de internet y tevé.
Quiero cambiar la razón social del contrato.,Quiero cambiar la razón sosial del contrato.
¿Puedo obtener un descuento en mi plan?,¿Puedo obtener un descueto en mi plan?
Necesito un comprobante de pago.,Necesito un compobante de pago.
Necesito un comprobante de pago.,Necesito un compobante de pago.
¿Pueden ofrecerme una mejor oferta?,¿Pueden ofrecerme una mejor ofreta?
La señal de televisión se pixela.,La señal de televisión se picela.
No reconozco este cargo en mi cuenta.,No reconozco este cargo en mi cuanta.
La velocidad de conexión es muy baja.,La velosidad de conexión es muy baja.
Necesito un comprobante de pago.,Necesito un compobante de pago.
¿Pueden ofrecerme una mejor oferta?,¿Pueden ofrecerme una mejor ofreta?
Su opinión es muy importante para nosotros.,Su opinión es muy importante para nosostros.
Quisiera reducir el costo de mi plan actual.,Quisiera reducir el costo de mi plan actal.
Quiero cambiar la razón social del contrato.,Quiero cambiar la razón sosial del contrato.
¿Qué podemos mejorar en nuestro servicio?,¿Qué podemos mejorar en nuestro servisio?
¿Cuándo se emite la próxima factura?,¿Cuándo se emite la próxima fatura?
¿Puedo obtener un descuento en mi plan?,¿Puedo obtener un descueto en mi plan?
Estoy interesado en un plan de internet y TV.,Estoy interesado en un plan de internet y tevé.
¿Qué podemos mejorar en nuestro servicio?,¿Qué podemos mejorar en nuestro servisio?
Necesito un comprobante de pago.,Necesito un compobante de pago.
La señal de televisión se pixela.,La señal de televisión se picela.
Quisiera reducir el costo de mi plan actual.,Quisiera reducir el costo de mi plan actal.
El internet se desconecta constantemente.,El internet se desconesta constantemente.
No reconozco este cargo en mi cuenta.,No reconozco este cargo en mi cuanta.
Quiero contratar un plan adicional.,Quiero contratar un plan adisional.
¿Cómo calificaría nuestro servicio?,¿Cómo calificaría nuestro servisio?
¿Puedo cambiar la fecha de pago?,¿Puedo cambiar la facha de pago?
La velocidad de conexión es muy baja.,La velosidad de conexión es muy baja.
¿Pueden ofrecerme una mejor oferta?,¿Pueden ofrecerme una mejor ofreta?
¿Recomendaría nuestro servicio a otros?,¿Recomendaría nuestro servisio a otros?
¿Cuáles son los planes disponibles?,¿Cuáles son los planes dispobibles?
Necesito un plan con más canales de TV.,Necesito un plan con más canales de tevé.
¿Cómo calificaría nuestro servicio?,¿Cómo calificaría nuestro servisio?
¿Puedo cambiar mi plan de internet?,¿Puedo cambiar mi plan de interne?
¿Qué podemos mejorar en nuestro servicio?,¿Qué podemos mejorar en nuestro servisio?
¿Qué podemos mejorar en nuestro servicio?,¿Qué podemos mejorar en nuestro servisio?
El router no funciona correctamente.,El ruto no funciona correctamente.
Quiero contratar un plan adicional.,Quiero contratar un plan adisional.
Quiero contratar un plan adicional.,Quiero contratar un plan adisional.
¿Pueden ofrecerme una mejor oferta?,¿Pueden ofrecerme una mejor ofreta?
Quiero contratar un plan adicional.,Quiero contratar un plan adisional.
¿Pueden ofrecerme una mejor oferta?,¿Pueden ofrecerme una mejor ofreta?
¿Cuáles son los planes disponibles?,¿Cuáles son los planes dispobibles?
¿Cuándo se emite la próxima factura?,¿Cuándo se emite la próxima fatura?
Quisiera reducir el costo de mi plan actual.,Quisiera reducir el costo de mi plan actal.
¿Qué podemos mejorar en nuestro servicio?,¿Qué podemos mejorar en nuestro servisio?
Quisiera un plan con más velocidad.,Quisiera un plan con más velosidad.
Necesito un plan con más canales de TV.,Necesito un plan con más canales de tevé.
Necesito un comprobante de pago.,Necesito un compobante de pago.
¿Puedo cambiar la fecha de pago?,¿Puedo cambiar la facha de pago?
¿Pueden ofrecerme una mejor oferta?,¿Pueden ofrecerme una mejor ofreta?
El internet se desconecta constantemente.,El internet se desconesta constantemente.
¿Recomendaría nuestro servicio a otros?,¿Recomendaría nuestro servisio a otros?
El router no funciona correctamente.,El ruto no funciona correctamente.
Quiero contratar un plan adicional.,Quiero contratar un plan adisional.
El internet se desconecta constantemente.,El internet se desconesta constantemente.
Quisiera un plan con más velocidad.,Quisiera un plan con más velosidad.
Su opinión es muy importante para nosotros.,Su opinión es muy importante para nosostros.
¿Pueden ofrecerme una mejor oferta?,¿Pueden ofrecerme una mejor ofreta?
¿Pueden ofrecerme una mejor oferta?,¿Pueden ofrecerme una mejor ofreta?
El internet se desconecta constantemente.,El internet se desconesta constantemente.
Gracias por participar en nuestra encuesta.,Gracias por participar en nuestra encuenta.
¿Puedo obtener un descuento en mi plan?,¿Puedo obtener un descueto en mi plan?
Quisiera reducir el costo de mi plan actual.,Quisiera reducir el costo de mi plan actal.
Estoy interesado en un plan de internet y TV.,Estoy interesado en un plan de internet y tevé.
La velocidad de conexión es muy baja.,La velosidad de conexión es muy baja.
La señal de televisión se pixela.,La señal de televisión se picela.
Quisiera reducir el costo de mi plan actual.,Quisiera reducir el costo de mi plan actal.
Su opinión es muy importante para nosotros.,Su opinión es muy importante para nosostros.
¿Cómo calificaría nuestro servicio?,¿Cómo calificaría nuestro servisio?
El router no funciona correctamente.,El ruto no funciona correctamente.
Gracias por participar en nuestra encuesta.,Gracias por participar en nuestra encuenta.
Necesito un comprobante de pago.,Necesito un compobante de pago.
¿Cuáles son los planes disponibles?,¿Cuáles son los planes dispobibles?
Necesito un plan con más canales de TV.,Necesito un plan con más canales de tevé.
¿Puedo cambiar mi plan de internet?,¿Puedo cambiar mi plan de interne?
¿Recomendaría nuestro servicio a otros?,¿Recomendaría nuestro servisio a otros?
Estoy interesado en un plan de internet y TV.,Estoy interesado en un plan de internet y tevé.
¿Cuándo se emite la próxima factura?,¿Cuándo se emite la próxima fatura?
Estoy interesado en un plan de internet y TV.,Estoy interesado en un plan de internet y tevé.
Estoy interesado en un plan de internet y TV.,Estoy interesado en un plan de internet y tevé.
¿Puedo obtener un descuento en mi plan?,¿Puedo obtener un descueto en mi plan?
La velocidad de conexión es muy baja.,La velosidad de conexión es muy baja.
Estoy interesado en un plan de internet y TV.,Estoy interesado en un plan de internet y tevé.
Necesito un comprobante de pago.,Necesito un compobante de pago.
La velocidad de conexión es muy baja.,La velosidad de conexión es muy baja.
¿Cuáles son los planes disponibles?,¿Cuáles son los planes dispobibles?
Quiero contratar un plan adicional.,Quiero contratar un plan adisional.
Quiero contratar un plan adicional.,Quiero contratar un plan adisional.
Su opinión es muy importante para nosotros.,Su opinión es muy importante para nosostros.
Quisiera reducir el costo de mi plan actual.,Quisiera reducir el costo de mi plan actal.
Su opinión es muy importante para nosotros.,Su opinión es muy importante para nosostros.
Gracias por participar en nuestra encuesta.,Gracias por participar en nuestra encuenta.
La razón social está incorrecta.,La razón sosial está incorrecta.
¿Puedo obtener un descuento en mi plan?,¿Puedo obtener un descueto en mi plan?
No reconozco este cargo en mi cuenta.,No reconozco este cargo en mi cuanta.
El internet se desconecta constantemente.,El internet se desconesta constantemente.
Quiero cambiar la razón social del contrato.,Quiero cambiar la razón sosial del contrato.
¿Cuáles son los planes disponibles?,¿Cuáles son los planes dispobibles?
Quiero cambiar la razón social del contrato.,Quiero cambiar la razón sosial del contrato.
Su opinión es muy importante para nosotros.,Su opinión es muy importante para nosostros.
¿Pueden ofrecerme una mejor oferta?,¿Pueden ofrecerme una mejor ofreta?
No reconozco este cargo en mi cuenta.,No reconozco este cargo en mi cuanta.
Gracias por participar en nuestra encuesta.,Gracias por participar en nuestra encuenta.
Gracias por participar en nuestra encuesta.,Gracias por participar en nuestra encuenta.
La velocidad de conexión es muy baja.,La velosidad de conexión es muy baja.
¿Qué podemos mejorar en nuestro servicio?,¿Qué podemos mejorar en nuestro servisio?
La señal de televisión se pixela.,La señal de televisión se picela.
Su opinión es muy importante para nosotros.,Su opinión es muy importante para nosostros.
No reconozco este cargo en mi cuenta.,No reconozco este cargo en mi cuanta.
¿Recomendaría nuestro servicio a otros?,¿Recomendaría nuestro servisio a otros?
¿Puedo cambiar mi plan de internet?,¿Puedo cambiar mi plan de interne?
¿Qué podemos mejorar en nuestro servicio?,¿Qué podemos mejorar en nuestro servisio?
¿Puedo cambiar la fecha de pago?,¿Puedo cambiar la facha de pago?
Necesito un comprobante de pago.,Necesito un compobante de pago.
¿Puedo cambiar mi plan de internet?,¿Puedo cambiar mi plan de interne?
No reconozco este cargo en mi cuenta.,No reconozco este cargo en mi cuanta.
¿Puedo cambiar mi plan de internet?,¿Puedo cambiar mi plan de interne?
Quisiera un plan con más velocidad.,Quisiera un plan con más velosidad.
¿Cuáles son los planes disponibles?,¿Cuáles son los planes dispobibles?
¿Puedo cambiar la fecha de pago?,¿Puedo cambiar la facha de pago?
La velocidad de conexión es muy baja.,La velosidad de conexión es muy baja.
Estoy interesado en un plan de internet y TV.,Estoy interesado en un plan de internet y tevé.
El router no funciona correctamente.,El ruto no funciona correctamente.
Quisiera reducir el costo de mi plan actual.,Quisiera reducir el costo de mi plan actal.
No reconozco este cargo en mi cuenta.,No reconozco este cargo en mi cuanta.
¿Pueden ofrecerme una mejor oferta?,¿Pueden ofrecerme una mejor ofreta?
No reconozco este cargo en mi cuenta.,No reconozco este cargo en mi cuanta.
¿Pueden ofrecerme una mejor oferta?,¿Pueden ofrecerme una mejor ofreta?
El router no funciona correctamente.,El ruto no funciona correctamente.
La razón social está incorrecta.,La razón sosial está incorrecta.
¿Recomendaría nuestro servicio a otros?,¿Recomendaría nuestro servisio a otros?
Quiero cambiar la razón social del contrato.,Quiero cambiar la razón sosial del contrato.
La razón social está incorrecta.,La razón sosial está incorrecta.
Quiero contratar un plan adicional.,Quiero contratar un plan adisional.
El router no funciona correctamente.,El ruto no funciona correctamente.
El internet se desconecta constantemente.,El internet se desconesta constantemente.
¿Puedo cambiar mi plan de internet?,¿Puedo cambiar mi plan de interne?
Quisiera reducir el costo de mi plan actual.,Quisiera reducir el costo de mi plan actal.
¿Cuándo se emite la próxima factura?,¿Cuándo se emite la próxima fatura?
¿Recomendaría nuestro servicio a otros?,¿Recomendaría nuestro servisio a otros?
El router no funciona correctamente.,El ruto no funciona correctamente.
Necesito un plan con más canales de TV.,Necesito un plan con más canales de tevé.
¿Recomendaría nuestro servicio a otros?,¿Recomendaría nuestro servisio a otros?
¿Puedo cambiar mi plan de internet?,¿Puedo cambiar mi plan de interne?
Quisiera un plan con más velocidad.,Quisiera un plan con más velosidad.
¿Puedo cambiar la fecha de pago?,¿Puedo cambiar la facha de pago?
La razón social está incorrecta.,La razón sosial está incorrecta.
Estoy interesado en un plan de internet y TV.,Estoy interesado en un plan de internet y tevé.
Quisiera un plan con más velocidad.,Quisiera un plan con más velosidad.
¿Qué podemos mejorar en nuestro servicio?,¿Qué podemos mejorar en nuestro servisio?
La velocidad de conexión es muy baja.,La velosidad de conexión es muy baja.
El internet se desconecta constantemente.,El internet se desconesta constantemente.
Quisiera un plan con más velocidad.,Quisiera un plan con más velosidad.
Necesito un comprobante de pago.,Necesito un compobante de pago.
¿Cuáles son los planes disponibles?,¿Cuáles son los planes dispobibles?
Estoy interesado en un plan de internet y TV.,Estoy interesado en un plan de internet y tevé.
No reconozco este cargo en mi cuenta.,No reconozco este cargo en mi cuanta.
La velocidad de conexión es muy baja.,La velosidad de conexión es muy baja.
¿Cuáles son los planes disponibles?,¿Cuáles son los planes dispobibles?
La señal de televisión se pixela.,La señal de televisión se picela.
¿Puedo obtener un descuento en mi plan?,¿Puedo obtener un descueto en mi plan?
Gracias por participar en nuestra encuesta.,Gracias por participar en nuestra encuenta.
¿Cuáles son los planes disponibles?,¿Cuáles son los planes dispobibles?
La señal de televisión se pixela.,La señal de televisión se picela.
No reconozco este cargo en mi cuenta.,No reconozco este cargo en mi cuanta.
El router no funciona correctamente.,El ruto no funciona correctamente.
¿Puedo cambiar mi plan de internet?,¿Puedo cambiar mi plan de interne?
¿Cuándo se emite la próxima factura?,¿Cuándo se emite la próxima fatura?
Quiero contratar un plan adicional.,Quiero contratar un plan adisional.
¿Puedo cambiar la fecha de pago?,¿Puedo cambiar la facha de pago?
¿Puedo cambiar mi plan de internet?,¿Puedo cambiar mi plan de interne?
¿Puedo cambiar la fecha de pago?,¿Puedo cambiar la facha de pago?
¿Cuándo se emite la próxima factura?,¿Cuándo se emite la próxima fatura?
Quiero cambiar la razón social del contrato.,Quiero cambiar la razón sosial del contrato.
Quiero contratar un plan adicional.,Quiero contratar un plan adisional.
¿Pueden ofrecerme una mejor oferta?,¿Pueden ofrecerme una mejor ofreta?
¿Cuándo se emite la próxima factura?,¿Cuándo se emite la próxima fatura?
Quiero contratar un plan adicional.,Quiero contratar un plan adisional.
¿Qué podemos mejorar en nuestro servicio?,¿Qué podemos mejorar en nuestro servisio?
Gracias por participar en nuestra encuesta.,Gracias por participar en nuestra encuenta.
¿Recomendaría nuestro servicio a otros?,¿Recomendaría nuestro servisio a otros?
Su opinión es muy importante para nosotros.,Su opinión es muy importante para nosostros.
Gracias por participar en nuestra encuesta.,Gracias por participar en nuestra encuenta.
¿Cómo calificaría nuestro servicio?,¿Cómo calificaría nuestro servisio?
Necesito soporte técnico urgente.,Necesito soporte ténico urgente.
La señal de televisión se pixela.,La señal de televisión se picela.
Quiero contratar un plan adicional.,Quiero contratar un plan adisional.
¿Recomendaría nuestro servicio a otros?,¿Recomendaría nuestro servisio a otros?
Necesito soporte técnico urgente.,Necesito soporte ténico urgente.
Necesito un plan con más canales de TV.,Necesito un plan con más canales de tevé.
Necesito un plan con más canales de TV.,Necesito un plan con más canales de tevé.
¿Pueden ofrecerme una mejor oferta?,¿Pueden ofrecerme una mejor ofreta?
¿Cuáles son los planes disponibles?,¿Cuáles son los planes dispobibles?
No reconozco este cargo en mi cuenta.,No reconozco este cargo en mi cuanta.
Quisiera un plan con más velocidad.,Quisiera un plan con más velosidad.
La velocidad de conexión es muy baja.,La velosidad de conexión es muy baja.
¿Puedo obtener un descuento en mi plan?,¿Puedo obtener un descueto en mi plan?
La señal de televisión se pixela.,La señal de televisión se picela.
¿Puedo obtener un descuento en mi plan?,¿Puedo obtener un descueto en mi plan?
Gracias por participar en nuestra encuesta.,Gracias por participar en nuestra encuenta.
Necesito un plan con más canales de TV.,Necesito un plan con más canales de tevé.
Su opinión es muy importante para nosotros.,Su opinión es muy importante para nosostros.
Su opinión es muy importante para nosotros.,Su opinión es muy importante para nosostros.
No reconozco este cargo en mi cuenta.,No reconozco este cargo en mi cuanta.
Su opinión es muy importante para nosotros.,Su opinión es muy importante para nosostros.
¿Qué podemos mejorar en nuestro servicio?,¿Qué podemos mejorar en nuestro servisio?
Quisiera reducir el costo de mi plan actual.,Quisiera reducir el costo de mi plan actal.
El internet se desconecta constantemente.,El internet se desconesta constantemente.
¿Puedo obtener un descuento en mi plan?,¿Puedo obtener un descueto en mi plan?
La velocidad de conexión es muy baja.,La velosidad de conexión es muy baja.
Su opinión es muy importante para nosotros.,Su opinión es muy importante para nosostros.
Necesito un comprobante de pago.,Necesito un compobante de pago.
El router no funciona correctamente.,El ruto no funciona correctamente.
Su opinión es muy importante para nosotros.,Su opinión es muy importante para nosostros.
Estoy interesado en un plan de internet y TV.,Estoy interesado en un plan de internet y tevé.
¿Cómo calificaría nuestro servicio?,¿Cómo calificaría nuestro servisio?
¿Puedo cambiar mi plan de internet?,¿Puedo cambiar mi plan de interne?
El router no funciona correctamente.,El ruto no funciona correctamente.
Su opinión es muy importante para nosotros.,Su opinión es muy importante para nosostros.
Necesito un plan con más canales de TV.,Necesito un plan con más canales de tevé.
El internet se desconecta constantemente.,El internet se desconesta constantemente.
¿Cómo calificaría nuestro servicio?,¿Cómo calificaría nuestro servisio?
Quiero contratar un plan adicional.,Quiero contratar un plan adisional.
La razón social está incorrecta.,La razón sosial está incorrecta.
Quiero cambiar la razón social del contrato.,Quiero cambiar la razón sosial del contrato.
Su opinión es muy importante para nosotros.,Su opinión es muy importante para nosostros.
Necesito soporte técnico urgente.,Necesito soporte ténico urgente.
¿Cuándo se emite la próxima factura?,¿Cuándo se emite la próxima fatura?
Necesito soporte técnico urgente.,Necesito soporte ténico urgente.
¿Puedo obtener un descuento en mi plan?,¿Puedo obtener un descueto en mi plan?
No reconozco este cargo en mi cuenta.,No reconozco este cargo en mi cuanta.
¿Cómo calificaría nuestro servicio?,¿Cómo calificaría nuestro servisio?
Estoy interesado en un plan de internet y TV.,Estoy interesado en un plan de internet y tevé.
¿Puedo obtener un descuento en mi plan?,¿Puedo obtener un descueto en mi plan?
Quisiera un plan con más velocidad.,Quisiera un plan con más velosidad.
Necesito un comprobante de pago.,Necesito un compobante de pago.
Necesito un plan con más canales de TV.,Necesito un plan con más canales de tevé.
La velocidad de conexión es muy baja.,La velosidad de conexión es muy baja.
Necesito un plan con más canales de TV.,Necesito un plan con más canales de tevé.
El internet se desconecta constantemente.,El internet se desconesta constantemente.
¿Cómo calificaría nuestro servicio?,¿Cómo calificaría nuestro servisio?
Quiero cambiar la razón social del contrato.,Quiero cambiar la razón sosial del contrato.
¿Qué podemos mejorar en nuestro servicio?,¿Qué podemos mejorar en nuestro servisio?
Necesito un plan con más canales de TV.,Necesito un plan con más canales de tevé.
Quisiera un plan con más velocidad.,Quisiera un plan con más velosidad.
La razón social está incorrecta.,La razón sosial está incorrecta.
Necesito un comprobante de pago.,Necesito un compobante de pago.
Quisiera reducir el costo de mi plan actual.,Quisiera reducir el costo de mi plan actal.
La señal de televisión se pixela.,La señal de televisión se picela.
Necesito un plan con más canales de TV.,Necesito un plan con más canales de tevé.
Quisiera un plan con más velocidad.,Quisiera un plan con más velosidad.
El router no funciona correctamente.,El ruto no funciona correctamente.
Quisiera un plan con más velocidad.,Quisiera un plan con más velosidad.
El internet se desconecta constantemente.,El internet se desconesta constantemente.
Gracias por participar en nuestra encuesta.,Gracias por participar en nuestra encuenta.
Quiero cambiar la razón social del contrato.,Quiero cambiar la razón sosial del contrato.
Quiero cambiar la razón social del contrato.,Quiero cambiar la razón sosial del contrato.
¿Puedo cambiar mi plan de internet?,¿Puedo cambiar mi plan de interne?
Quiero contratar un plan adicional.,Quiero contratar un plan adisional.
¿Cuáles son los planes disponibles?,¿Cuáles son los planes dispobibles?
La razón social está incorrecta.,La razón sosial está incorrecta.
Estoy interesado en un plan de internet y TV.,Estoy interesado en un plan de internet y tevé.
Estoy interesado en un plan de internet y TV.,Estoy interesado en un plan de internet y tevé.
Necesito soporte técnico urgente.,Necesito soporte ténico urgente.
¿Qué podemos mejorar en nuestro servicio?,¿Qué podemos mejorar en nuestro servisio?
¿Cuándo se emite la próxima factura?,¿Cuándo se emite la próxima fatura?
Necesito soporte técnico urgente.,Necesito soporte ténico urgente.
Necesito soporte técnico urgente.,Necesito soporte ténico urgente.
La velocidad de conexión es muy baja.,La velosidad de conexión es muy baja.
¿Cuáles son los planes disponibles?,¿Cuáles son los planes dispobibles?
¿Cuáles son los planes disponibles?,¿Cuáles son los planes dispobibles?
¿Cómo calificaría nuestro servicio?,¿Cómo calificaría nuestro servisio?
¿Pueden ofrecerme una mejor oferta?,¿Pueden ofrecerme una mejor ofreta?
¿Puedo cambiar la fecha de pago?,¿Puedo cambiar la facha de pago?
¿Cuándo se emite la próxima factura?,¿Cuándo se emite la próxima fatura?
La velocidad de conexión es muy baja.,La velosidad de conexión es muy baja.
¿Recomendaría nuestro servicio a otros?,¿Recomendaría nuestro servisio a otros?
Gracias por participar en nuestra encuesta.,Gracias por participar en nuestra encuenta.
La señal de televisión se pixela.,La señal de televisión se picela.
¿Puedo cambiar mi plan de internet?,¿Puedo cambiar mi plan de interne?
Quiero contratar un plan adicional.,Quiero contratar un plan adisional.
Necesito soporte técnico urgente.,Necesito soporte ténico urgente.
La razón social está incorrecta.,La razón sosial está incorrecta.
Estoy interesado en un plan de internet y TV.,Estoy interesado en un plan de internet y tevé.
¿Qué podemos mejorar en nuestro servicio?,¿Qué podemos mejorar en nuestro servisio?
¿Cómo calificaría nuestro servicio?,¿Cómo calificaría nuestro servisio?
La velocidad de conexión es muy baja.,La velosidad de conexión es muy baja.
No reconozco este cargo en mi cuenta.,No reconozco este cargo en mi cuanta.
¿Puedo obtener un descuento en mi plan?,¿Puedo obtener un descueto en mi plan?
¿Recomendaría nuestro servicio a otros?,¿Recomendaría nuestro servisio a otros?
¿Puedo obtener un descuento en mi plan?,¿Puedo obtener un descueto en mi plan?
¿Puedo cambiar mi plan de internet?,¿Puedo cambiar mi plan de interne?
Gracias por participar en nuestra encuesta.,Gracias por participar en nuestra encuenta.
¿Puedo obtener un descuento en mi plan?,¿Puedo obtener un descueto en mi plan?
¿Recomendaría nuestro servicio a otros?,¿Recomendaría nuestro servisio a otros?
¿Cuáles son los planes disponibles?,¿Cuáles son los planes dispobibles?
Necesito un comprobante de pago.,Necesito un compobante de pago.
Su opinión es muy importante para nosotros.,Su opinión es muy importante para nosostros.
El router no funciona correctamente.,El ruto no funciona correctamente.
¿Qué podemos mejorar en nuestro servicio?,¿Qué podemos mejorar en nuestro servisio?
¿Cuándo se emite la próxima factura?,¿Cuándo se emite la próxima fatura?
La razón social está incorrecta.,La razón sosial está incorrecta.
El internet se desconecta constantemente.,El internet se desconesta constantemente.
Necesito un comprobante de pago.,Necesito un compobante de pago.
Gracias por participar en nuestra encuesta.,Gracias por participar en nuestra encuenta.
¿Qué podemos mejorar en nuestro servicio?,¿Qué podemos mejorar en nuestro servisio?
¿Cuándo se emite la próxima factura?,¿Cuándo se emite la próxima fatura?
El internet se desconecta constantemente.,El internet se desconesta constantemente.
La velocidad de conexión es muy baja.,La velosidad de conexión es muy baja.
No reconozco este cargo en mi cuenta.,No reconozco este cargo en mi cuanta.
speedy internet,spin internet
speedy internet,speedyy internet
speedy internet,spirin internet
speedy internet,spirit internet
speedy internet,speed internet
speedy internet,estudio internet
speedy internet,spiri internet
está medio raro,ya me dio raro
el router,el ruto
cevallos,ceballos
ya le digo en este momento,ya le dije en este momento
en unos minutos le contactan,en unos minutos le contacten
speedy internet,que es de internet
speedy internet,espilla internet
le saluda,de salida
vinieron a instalarme,vieron instalarme
tplink,este pelin
voy a pagar el internet,voy a apagar internet
voy a estar,boyestra
speedy internet,spina internet
con quien tengo el gusto,con quien digo el gusto
la agoyan,la goyan
latacunga,la taconga
guaranda,guatanda
limas y guaytambos,limas y guaitan
guaytambos,guaitan
guaytambos,guaytan
speedy internet,steve internet
